{"spot_diameter_fullres": 71.00129571150698, "tissue_hires_scalef": 0.20187746, "fiducial_diameter_fullres": 114.69440076474206, "tissue_lowres_scalef": 0.060563236}